<?xml version="1.0" encoding="UTF-8" standalone="no" ?>
<SimscapeMultibodyImportXML version="2.0" xmlns="urn:mathworks:SimscapeMultibody:import" xmlns:xsi="http://www.w3.org/2001/XMLSchema-instance">
<Created by="wlw520" on="05/27/25||14:51:59" using="Simscape Multibody Link Version 7.4" from="Autodesk Inventor 2021 (Build 250183000, 183)"/>
<ModelUnits mass="lbmass" length="inch"/>
<DataUnits mass="kilogram" length="centimeter"/>
<RootAssembly name="Assembly1.iam" uid="Assembly1.iam_{69C05798-4E8F-B05B-CC89-CFA83F166661}" version="{683B7F1B-55A1-BB2E-0AB1-905CEC08D403}">
<AssemblyFile name="Assembly1.iam" type="Inventor Assembly"/>
<InstanceTree>
<Instance name="Part1a:1" grounded="true" uid="Part1a:1" entityUid="Part1a.ipt_{A4A4EB07-47D6-DF13-906D-71ADF6D58B2D}">
<Transform>
<Rotation>0.99999999999999678 -8.8817841970012296e-16 -1.7442609760602951e-16 -1.6653345369377185e-16 0.99999999999999623 -5.4332837982927609e-16 -3.8857805861880361e-16 1.0550371822603423e-15 0.99999999999999567</Rotation>
<Translation>-34.598489758825345 -7.9907516759851989 -11.158415785525973</Translation>
</Transform>
</Instance>
<Instance name="Part1b:1" uid="Part1b:1" entityUid="Part1b.ipt_{D60FA37A-4ED1-B87A-A1E1-DE8BD1E7FB21}">
<Transform>
<Rotation>-0.33972936455646097 -0.94052323674540994 3.975308750830577e-16 0.94052323674540994 -0.33972936455646097 -7.9340121833471415e-16 8.8126519348945788e-16 1.0434533359617873e-16 1</Rotation>
<Translation>-34.598489758825316 -7.990751675985325 100.77832760441689</Translation>
</Transform>
</Instance>
<Instance name="Part2:1" uid="Part2:1" entityUid="Part2.ipt_{47703B18-4BE1-B899-EA3C-6487C60E16BE}">
<Transform>
<Rotation>-0.99999523674617152 -0.0030865004403870452 3.1913801256882359e-16 0.0030865004403870452 -0.99999523674617152 -7.5661320370854289e-16 3.2147177941991246e-16 -7.5562458015146564e-16 1.0000000000000002</Rotation>
<Translation>-34.598489758825352 -7.9907516759852859 40.778327604416901</Translation>
</Transform>
</Instance>
<Instance name="Part3:1" uid="Part3:1" entityUid="Part3.ipt_{DD260608-4529-249F-45DC-9FB69FF6D94A}">
<Transform>
<Rotation>-0.82080294029602718 0.0030865004403866987 -0.57120312211719215 0.0025334207040197264 0.99999523674617152 0.0017630270857112431 0.57120584291561027 9.2183323561687073e-16 -0.82080685000739806</Rotation>
<Translation>52.34489810810544 -8.2591037591543746 30.461363195323123</Translation>
</Transform>
</Instance>
<Instance name="Part4:1" uid="Part4:1" entityUid="Part4.ipt_{42BEDE3E-4737-277F-4DCC-04831C0BD9DB}">
<Transform>
<Rotation>-0.57119723802961975 -0.0040309389390396026 -0.82080294029602729 0.0034164438929603679 -0.99999095480442357 0.0025334207040199649 -0.82080572803706742 -0.001357144283795017 0.57120584291561027</Rotation>
<Translation>78.216985407880401 -8.3389583483665088 6.3651244432397824</Translation>
</Transform>
</Instance>
</InstanceTree>
<Constraints>
</Constraints>
<Joints>
<Cylindrical name="Cylindrical:1">
<BaseFrame>
<InstancePath>
<Uid>Part1a:1</Uid>
</InstancePath>
<Transform>
<Rotation>-5.6300415622483388e-16 -5.1170880243106717e-16 5.6300415622483388e-16 5.1170880243106717e-16 -5.6300415622483388e-16 -5.1170880243106717e-16 0 0 1</Rotation>
<Translation>0 0 60</Translation>
</Transform>
</BaseFrame>
<FollowerFrame>
<InstancePath>
<Uid>Part1b:1</Uid>
</InstancePath>
<Transform>
<Rotation>0 0 0 0 0 0 0 0 1</Rotation>
<Translation>0 0 -50</Translation>
</Transform>
</FollowerFrame>
</Cylindrical>
<Revolute name="Rotational:1">
<BaseFrame>
<InstancePath>
<Uid>Part1b:1</Uid>
</InstancePath>
<Transform>
<Rotation>0 0 0 0 0 0 0 0 -1</Rotation>
<Translation>0 0 -50</Translation>
</Transform>
</BaseFrame>
<FollowerFrame>
<InstancePath>
<Uid>Part2:1</Uid>
</InstancePath>
<Transform>
<Rotation>-1 0 0 0 1 0 0 0 -1</Rotation>
<Translation>0 0 10</Translation>
</Transform>
</FollowerFrame>
</Revolute>
<Revolute name="Rotational:2">
<BaseFrame>
<InstancePath>
<Uid>Part2:1</Uid>
</InstancePath>
<Transform>
<Rotation>0 -1 0 0 0 -1 1 0 0</Rotation>
<Translation>-56.180339887498953 5.0000000000000018 5</Translation>
</Transform>
</BaseFrame>
<FollowerFrame>
<InstancePath>
<Uid>Part3:1</Uid>
</InstancePath>
<Transform>
<Rotation>0 1 -1.5705387960904322e-16 0 1.5705387960904322e-16 1 1 0 0</Rotation>
<Translation>33.999999999999993 -5 5</Translation>
</Transform>
</FollowerFrame>
</Revolute>
<Revolute name="Rotational:3">
<BaseFrame>
<InstancePath>
<Uid>Part3:1</Uid>
</InstancePath>
<Transform>
<Rotation>0 -1.774179844345233e-16 -1 0 1 -1.774179844345233e-16 1 0 0</Rotation>
<Translation>-35 -1.7763568394002505e-15 5</Translation>
</Transform>
</BaseFrame>
<FollowerFrame>
<InstancePath>
<Uid>Part4:1</Uid>
</InstancePath>
<Transform>
<Rotation>-1 0 -1.1102230246251568e-16 0 1 0 1.1102230246251568e-16 0 -1</Rotation>
<Translation>0 0 0</Translation>
</Transform>
</FollowerFrame>
</Revolute>
</Joints>
</RootAssembly>
<Assemblies>
</Assemblies>
<Parts>
<Part name="Part1a.ipt" uid="Part1a.ipt_{A4A4EB07-47D6-DF13-906D-71ADF6D58B2D}" version="{F3B66871-A751-0F06-2BE1-B24A3C4B6263}">
<ModelUnits mass="kilogram" length="millimeter"/>
<PartFile name="Part1a.ipt" type="Inventor Part"/>
<MassProperties>
<Mass>41.186812540743688</Mass>
<CenterOfMass>1.5234317359608114e-09 -2.8265193309574998e-15 46.78314512100502</CenterOfMass>
<Inertia>50994.376645996766 50994.376373651517 3210.256007359762 2.0043057015858336e-12 1.6815045372383953e-06 -5.5879354478702223e-12</Inertia>
</MassProperties>
<GeometryFile name="Part1a_ipt_ad630b54.STEP" type="STEP"/>
<VisualProperties>
<Ambient r="0.74901960784313726" g="0.74901960784313726" b="0.74901960784313726" a="1"/>
<Diffuse r="0.74901960784313726" g="0.74901960784313726" b="0.74901960784313726" a="1"/>
<Specular r="0" g="0" b="0" a="1"/>
<Emissive r="0" g="0" b="0" a="1"/>
<Shininess>0.14999999999999999</Shininess>
</VisualProperties>
</Part>
<Part name="Part1b.ipt" uid="Part1b.ipt_{D60FA37A-4ED1-B87A-A1E1-DE8BD1E7FB21}" version="{2517899E-A0CB-68E1-D5FA-AA06EC6FBBE8}">
<ModelUnits mass="kilogram" length="millimeter"/>
<PartFile name="Part1b.ipt" type="Inventor Part"/>
<MassProperties>
<Mass>23.954643983621899</Mass>
<CenterOfMass>1.0971001073978442e-09 -4.8598226676434631e-15 -36.229508196721746</CenterOfMass>
<Inertia>29275.297460778365 29275.29729848693 3520.7926232093555 -3.2329107405708933e-12 -1.0178488732666868e-06 -5.5879354478205906e-12</Inertia>
</MassProperties>
<GeometryFile name="Part1b_ipt_20609773.STEP" type="STEP"/>
<VisualProperties>
<Ambient r="0.74901960784313726" g="0.74901960784313726" b="0.74901960784313726" a="1"/>
<Diffuse r="0.74901960784313726" g="0.74901960784313726" b="0.74901960784313726" a="1"/>
<Specular r="0" g="0" b="0" a="1"/>
<Emissive r="0" g="0" b="0" a="1"/>
<Shininess>0.14999999999999999</Shininess>
</VisualProperties>
</Part>
<Part name="Part2.ipt" uid="Part2.ipt_{47703B18-4BE1-B899-EA3C-6487C60E16BE}" version="{3FFB213C-5FA5-64F8-8957-44D66ED3C412}">
<ModelUnits mass="kilogram" length="millimeter"/>
<PartFile name="Part2.ipt" type="Inventor Part"/>
<MassProperties>
<Mass>9.5514410848524776</Mass>
<CenterOfMass>-25.592671069507936 1.8282370292513749e-14 4.9999999961219785</CenterOfMass>
<Inertia>558.60686480403604 3081.3739181270971 3478.5620683992802 -2.9103830524452872e-13 8.7860762141644952e-07 -5.4003911330669537e-12</Inertia>
</MassProperties>
<GeometryFile name="Part2_ipt_68c76f13.STEP" type="STEP"/>
<VisualProperties>
<Ambient r="0.74901960784313726" g="0.74901960784313726" b="0.74901960784313726" a="1"/>
<Diffuse r="0.74901960784313726" g="0.74901960784313726" b="0.74901960784313726" a="1"/>
<Specular r="0" g="0" b="0" a="1"/>
<Emissive r="0" g="0" b="0" a="1"/>
<Shininess>0.14999999999999999</Shininess>
</VisualProperties>
</Part>
<Part name="Part3.ipt" uid="Part3.ipt_{DD260608-4529-249F-45DC-9FB69FF6D94A}" version="{3D2A7520-328A-FBCC-7E8E-A4B30EFBE247}">
<ModelUnits mass="kilogram" length="millimeter"/>
<PartFile name="Part3.ipt" type="Inventor Part"/>
<MassProperties>
<Mass>12.327252841225985</Mass>
<CenterOfMass>3.7615348554339914 -0.0021285105009505225 5.0011475706455055</CenterOfMass>
<Inertia>468.12314577825873 4461.0353252778186 4734.3699908050648 0.067635762130478672 -0.39592305363976632 0.65695465252388385</Inertia>
</MassProperties>
<GeometryFile name="Part3_ipt_9fee7d89.STEP" type="STEP"/>
<VisualProperties>
<Ambient r="0.74901960784313726" g="0.74901960784313726" b="0.74901960784313726" a="1"/>
<Diffuse r="0.74901960784313726" g="0.74901960784313726" b="0.74901960784313726" a="1"/>
<Specular r="0" g="0" b="0" a="1"/>
<Emissive r="0" g="0" b="0" a="1"/>
<Shininess>0.14999999999999999</Shininess>
</VisualProperties>
</Part>
<Part name="Part4.ipt" uid="Part4.ipt_{42BEDE3E-4737-277F-4DCC-04831C0BD9DB}" version="{420F20F1-31E2-E408-25EA-202FBAB9923F}">
<ModelUnits mass="kilogram" length="millimeter"/>
<PartFile name="Part4.ipt" type="Inventor Part"/>
<MassProperties>
<Mass>15.404628033189967</Mass>
<CenterOfMass>-27.116656971677774 -1.8892913476409936e-15 1.1373946890090849</CenterOfMass>
<Inertia>1409.6083428199024 5988.0042849435749 5625.4513540143316 -3.3102542191309765e-14 -1064.067375943873 -1.4212398755836272e-13</Inertia>
</MassProperties>
<GeometryFile name="Part4_ipt_2577ad9b.STEP" type="STEP"/>
<VisualProperties>
<Ambient r="0.74901960784313726" g="0.74901960784313726" b="0.74901960784313726" a="1"/>
<Diffuse r="0.74901960784313726" g="0.74901960784313726" b="0.74901960784313726" a="1"/>
<Specular r="0" g="0" b="0" a="1"/>
<Emissive r="0" g="0" b="0" a="1"/>
<Shininess>0.14999999999999999</Shininess>
</VisualProperties>
</Part>
</Parts>
</SimscapeMultibodyImportXML>
